file,exists,size,mtime_utc,sha256,role_guess,status_guess,main_guard,imports_top,functions_top,classes_top,calls_top,states_or_paths,tags,tag_evidence,line_hits
aplomb.py,true,2569,2026-04-22T19:28:56.023813+00:00,b9792c9671b1070a6f4afc11e5a9a3e63caa490de6948b62a65aeddfd1bb8eed,APLOMB,BLOQUER_VERIFIER_WRITE_LEGACY,true,json;pathlib;datetime,load_mondes_state;load_m2_state;evaluate_aplomb,,get:5;open:3;exists:2;min:2;load:2;Path:1;load_mondes_state:1;load_m2_state:1;print:1;evaluate_aplomb:1;isoformat:1;dump:1;now:1,aplomb_state.json;m2_bear_state_v2.json;mondes_paralleles_state.json,LEGACY_WRITE_WORDS,LEGACY_WRITE_WORDS:3,"L3:Aplomb - Décideur souverain de Séragone || L11:STATE_FILE = BASE_DIR / ""aplomb_state.json"" || L13:def load_mondes_state(): || L15:# À adapter au nom exact du fichier de state des mondes bull || L16:# Exemple : mondes_paralleles_state.json || L17:bull_file = BASE_DIR / ""mondes_paralleles_state.json"" || L23:def load_m2_state(): || L25:m2_file = BASE_DIR / ""m2_bear_state_v2.json"" || L31:def evaluate_aplomb(): || L33:bull = load_mondes_state() || L34:bear = load_m2_state() || L61:state = { || L72:with open(STATE_FILE, 'w') as f: || L73:json.dump(state, f, indent=2) || L75:print(f""Aplomb: {direction} (perm={permission:.2f})"") || L76:return state || L79:evaluate_aplomb()"
aplomb_state.json,true,227,2026-05-15T20:35:01.649957+00:00,d9ffce1fab64dc436848e83b0fa7d8854ee4fca79bfa951422d74ae4f3a20a6a,APLOMB,CANDIDAT_CALCULATEUR_OU_WRAPPER,false,,,,,,,,
aplombdailycheckpoint.json,true,24408,2026-04-23T09:03:10.946572+00:00,6feb864e0bd4bbe80092b709cc969b58144cd915684b62ee430565820a610774,APLOMB,CANDIDAT_CALCULATEUR_OU_WRAPPER,false,,,,,,,,"L3:""enginestate"": ""READY"", || L823:""lastenginestate"": ""READY"""
aplombdailyevents.jsonl,true,18981,2026-04-23T09:03:10.938572+00:00,bd4255b1776f56e7fcb64b1b73141fb1c290273957c5fc17a17cbb8d38a70404,APLOMB,CANDIDAT_CALCULATEUR_OU_WRAPPER,false,,,,,,,,"L1:{""ts"": ""2026-04-22T00:41:40.164846+00:00"", ""engine"": ""APLOMBDAILYV6"", ""version"": ""6.0"", ""kind"": ""decision"", ""enginestate"": ""IDLE"", ""data"": {""permission"": ""INTERDIT"", ""direction"": ""ATTENDRE"", ""regime"": ""NEUTRE"", ""diagnost || L2:{""ts"": ""2026-04-22T06:44:40.556624+00:00"", ""engine"": ""APLOMBDAILYV6"", ""version"": ""6.0"", ""kind"": ""crash"", ""enginestate"": ""CRASH"", ""data"": {""error"": ""name 'STATEINGARDIEN' is not defined""}} || L3:{""ts"": ""2026-04-22T06:45:39.624906+00:00"", ""engine"": ""APLOMBDAILYV6"", ""version"": ""6.0"", ""kind"": ""crash"", ""enginestate"": ""CRASH"", ""data"": {""error"": ""name 'cq' is not defined""}} || L4:{""ts"": ""2026-04-22T06:46:46.173374+00:00"", ""engine"": ""APLOMBDAILYV6"", ""version"": ""6.0"", ""kind"": ""crash"", ""enginestate"": ""CRASH"", ""data"": {""error"": ""name 'chaines_voix' is not defined""}} || L5:{""ts"": ""2026-04-22T06:47:49.828236+00:00"", ""engine"": ""APLOMBDAILYV6"", ""version"": ""6.0"", ""kind"": ""crash"", ""enginestate"": ""CRASH"", ""data"": {""error"": ""name 'cq' is not defined""}} || L6:{""ts"": ""2026-04-22T06:49:53.227147+00:00"", ""engine"": ""APLOMBDAILYV6"", ""version"": ""6.0"", ""kind"": ""decision"", ""enginestate"": ""IDLE"", ""data"": {""permission"": ""INTERDIT"", ""direction"": ""ATTENDRE"", ""regime"": ""NEUTRE"", ""diagnost || L7:{""ts"": ""2026-04-22T06:52:02.823652+00:00"", ""engine"": ""APLOMBDAILYV6"", ""version"": ""6.0"", ""kind"": ""decision"", ""enginestate"": ""IDLE"", ""data"": {""permission"": ""INTERDIT"", ""direction"": ""ATTENDRE"", ""regime"": ""NEUTRE"", ""diagnost || L8:{""ts"": ""2026-04-22T06:52:22.357579+00:00"", ""engine"": ""APLOMBDAILYV6"", ""version"": ""6.0"", ""kind"": ""decision"", ""enginestate"": ""IDLE"", ""data"": {""permission"": ""INTERDIT"", ""direction"": ""ATTENDRE"", ""regime"": ""NEUTRE"", ""diagnost || L9:{""ts"": ""2026-04-22T06:56:23.866516+00:00"", ""engine"": ""APLOMBDAILYV6"", ""version"": ""6.0"", ""kind"": ""decision"", ""enginestate"": ""IDLE"", ""data"": {""permission"": ""INTERDIT"", ""direction"": ""ATTENDRE"", ""regime"": ""NEUTRE"", ""diagnost || L10:{""ts"": ""2026-04-22T07:42:31.483377+00:00"", ""engine"": ""APLOMBDAILYV6"", ""version"": ""6.0"", ""kind"": ""decision"", ""enginestate"": ""IDLE"", ""data"": {""permission"": ""INTERDIT"", ""direction"": ""ATTENDRE"", ""regime"": ""NEUTRE"", ""diagnost || L11:{""ts"": ""2026-04-22T07:46:39.108777+00:00"", ""engine"": ""APLOMBDAILYV6"", ""version"": ""6.0"", ""kind"": ""decision"", ""enginestate"": ""READY"", ""data"": {""permission"": ""SHORT"", ""direction"": ""SHORT"", ""regime"": ""BEAR_GARDIEN"", ""diagnos || L12:{""ts"": ""2026-04-22T23:36:53.569086+00:00"", ""engine"": ""APLOMBDAILYV6"", ""version"": ""6.0"", ""kind"": ""decision"", ""enginestate"": ""READY"", ""data"": {""permission"": ""SHORT"", ""direction"": ""SHORT"", ""regime"": ""BEAR_GARDIEN"", ""diagnos || L13:{""ts"": ""2026-04-22T23:38:12.089406+00:00"", ""engine"": ""APLOMBDAILYV6"", ""version"": ""6.0"", ""kind"": ""decision"", ""enginestate"": ""READY"", ""data"": {""permission"": ""SHORT"", ""direction"": ""SHORT"", ""regime"": ""BEAR"", ""diagnostic"": {"" || L14:{""ts"": ""2026-04-22T23:40:03.099885+00:00"", ""engine"": ""APLOMBDAILYV6"", ""version"": ""6.0"", ""kind"": ""decision"", ""enginestate"": ""READY"", ""data"": {""permission"": ""SHORT"", ""direction"": ""SHORT"", ""regime"": ""BEAR"", ""diagnostic"": {"" || L15:{""ts"": ""2026-04-22T23:40:53.424498+00:00"", ""engine"": ""APLOMBDAILYV6"", ""version"": ""6.0"", ""kind"": ""decision"", ""enginestate"": ""READY"", ""data"": {""permission"": ""SHORT"", ""direction"": ""SHORT"", ""regime"": ""BEAR"", ""diagnostic"": {"" || L16:{""ts"": ""2026-04-22T23:44:53.530832+00:00"", ""engine"": ""APLOMBDAILYV6"", ""version"": ""6.0"", ""kind"": ""decision"", ""enginestate"": ""READY"", ""data"": {""permission"": ""SHORT"", ""direction"": ""SHORT"", ""regime"": ""BEAR"", ""diagnostic"": {"" || L17:{""ts"": ""2026-04-22T23:48:02.395324+00:00"", ""engine"": ""APLOMBDAILYV6"", ""version"": ""6.0"", ""kind"": ""crash"", ""enginestate"": ""CRASH"", ""data"": {""error"": ""name 'm1long' is not defined""}} || L18:{""ts"": ""2026-04-22T23:50:32.513257+00:00"", ""engine"": ""APLOMBDAILYV6"", ""version"": ""6.0"", ""kind"": ""crash"", ""enginestate"": ""CRASH"", ""data"": {""error"": ""name 'm1long' is not defined""}} || L19:{""ts"": ""2026-04-22T23:52:56.722299+00:00"", ""engine"": ""APLOMBDAILYV6"", ""version"": ""6.0"", ""kind"": ""decision"", ""enginestate"": ""READY"", ""data"": {""permission"": ""SHORT"", ""direction"": ""SHORT"", ""regime"": ""BEAR"", ""diagnostic"": {"" || L20:{""ts"": ""2026-04-22T23:53:52.345343+00:00"", ""engine"": ""APLOMBDAILYV6"", ""version"": ""6.0"", ""kind"": ""decision"", ""enginestate"": ""READY"", ""data"": {""permission"": ""SHORT"", ""direction"": ""SHORT"", ""regime"": ""BEAR"", ""diagnostic"": {"" || L21:{""ts"": ""2026-04-22T23:56:30.638817+00:00"", ""engine"": ""APLOMBDAILYV6"", ""version"": ""6.0"", ""kind"": ""decision"", ""enginestate"": ""READY"", ""data"": {""permission"": ""SHORT"", ""direction"": ""SHORT"", ""regime"": ""BEAR"", ""diagnostic"": {"" || L22:{""ts"": ""2026-04-22T23:57:07.057171+00:00"", ""engine"": ""APLOMBDAILYV6"", ""version"": ""6.0"", ""kind"": ""decision"", ""enginestate"": ""READY"", ""data"": {""permission"": ""SHORT"", ""direction"": ""SHORT"", ""regime"": ""BEAR"", ""diagnostic"": {"" || L23:{""ts"": ""2026-04-22T23:58:58.817801+00:00"", ""engine"": ""APLOMBDAILYV6"", ""version"": ""6.0"", ""kind"": ""decision"", ""enginestate"": ""READY"", ""data"": {""permission"": ""SHORT"", ""direction"": ""SHORT"", ""regime"": ""BEAR"", ""diagnostic"": {"" || L24:{""ts"": ""2026-04-23T08:19:28.064835+00:00"", ""engine"": ""APLOMBDAILYV6"", ""version"": ""6.0"", ""kind"": ""decision"", ""enginestate"": ""READY"", ""data"": {""permission"": ""SHORT"", ""direction"": ""SHORT"", ""regime"": ""BEAR"", ""diagnostic"": {"" || L25:{""ts"": ""2026-04-23T08:19:48.449919+00:00"", ""engine"": ""APLOMBDAILYV6"", ""version"": ""6.0"", ""kind"": ""decision"", ""enginestate"": ""READY"", ""data"": {""permission"": ""SHORT"", ""direction"": ""SHORT"", ""regime"": ""BEAR"", ""diagnostic"": {"""
aplombdailyheartbeat.json,true,281,2026-04-23T09:03:10.950572+00:00,25b14764f43d45e68e1c60186626c077d2e9978cd9ca76bdb395eb0d7efb9f33,APLOMB,CANDIDAT_CALCULATEUR_OU_WRAPPER,false,,,,,,,,"L4:""engine"": ""APLOMBDAILYV6"", || L8:""state"": ""READY"", || L9:""lastenginestate"": ""READY"","
aplombdailypersist.json,true,22604,2026-04-23T09:03:10.960572+00:00,ae54d0747c295b84a5aa7c23b51a7cc01cd4e33fc03c08465edc5692996497d9,APLOMB,CANDIDAT_CALCULATEUR_OU_WRAPPER,false,,,,,,,,"L820:""lastenginestate"": ""READY"""
aplombdailystate.json,true,67456,2026-05-15T20:35:01.723957+00:00,345161b477eef8c533d1fc746a88ab875199d8e9a14c9110a75ee5348eb68ade,APLOMB,CANDIDAT_CALCULATEUR_OU_WRAPPER,false,,,,,,,,"L3:""module"": ""aplomb"", || L4:""source"": ""canonical_engine_aplomb"", || L22:""bull_state"": { || L3177:""bear_state"": {"
aplombstate.json,true,67456,2026-05-15T20:35:01.679957+00:00,345161b477eef8c533d1fc746a88ab875199d8e9a14c9110a75ee5348eb68ade,APLOMB,CANDIDAT_CALCULATEUR_OU_WRAPPER,false,,,,,,,,"L3:""module"": ""aplomb"", || L4:""source"": ""canonical_engine_aplomb"", || L22:""bull_state"": { || L3177:""bear_state"": {"
auditdecisions/ATTESTATIONA73PNLLATENTPOSITIONDEMONONCLOSE2026-05-15.md,true,1069,2026-05-15T19:25:02.566492+00:00,4bde904ccda8a6b8dff8c05fa48267ba43a8ee79d3933453ac0d22ed45cceb40,DECISION_TO_ORDER,CANON_OR_DOC_READONLY,false,,,,,state.json,LEGACY_WRITE_WORDS;DEMO_WORDS;CLOSE_WORDS,LEGACY_WRITE_WORDS:1;DEMO_WORDS:9;CLOSE_WORDS:5,L1:# ATTESTATION A7.3 — PNL LATENT POSITION DEMO NON CLOSE — 2026-05-15 || L9:- Prix spot `state.json` : 79105.64 || L10:- Exécutions `FILLED_DEMO` reconnues : 89 || L13:- Position nette ledger demo : -0.081 BTC SHORT || L15:- Frais demo cumulés : 3.62022253 USD || L18:- Money Manager actuel : NEUTRAL finale 0.0 || L23:POSITION DEMO NON CLOSE. || L24:LEDGER DEMO SHORT OUVERT ALORS QUE CIBLE MONEY MANAGER EST FLAT. || L29:La divergence canonique est : cible Money Manager flat / ledger demo short ouvert. || L35:- Aucun patch `decisiontoorder.py`. || L36:- Aucun patch `demobroker.py`. || L42:Décréter la sémantique `NEUTRAL => HOLD / SKIP / CLOSE`.
auditdecisions/DECISION_V1_5B_CORRECTION_IMPORT_DATACLASS_POLICYENGINE_2026-05-13_2233UTC.md,true,1244,2026-05-13T22:33:35.552455+00:00,bded92bed2db384b81be824c360cdee80eeca750e61474f11be456761c791953,POLICY_ENGINE,CANON_OR_DOC_READONLY,false,,,,,state.json,CRON_SYSTEMD;LEGACY_WRITE_WORDS;DEMO_WORDS,CRON_SYSTEMD:2;LEGACY_WRITE_WORDS:1;DEMO_WORDS:1,"L1:# DECISION_V1_5B_CORRECTION_IMPORT_DATACLASS_POLICYENGINE || L8:- V1-5 a tente de charger policyengine via importlib. || L17:- Corriger uniquement demo_v1/adapters/policyengine_adapter.py. || L19:- En cas d'echec import/appel, retourner un state V1 explicite au lieu de crasher. || L20:- Garder broker paper only, size zero. || L24:- Ne pas ecrire state.json racine. || L28:- D9: un writer par state V1. || L34:- policyengine_state documente soit called true, soit refus propre."
auditdecisions/DECISION_V1_5C_MAPPING_EXPLICITE_GESTE_NATIF_POLICYENGINE_2026-05-13_2234UTC.md,true,1249,2026-05-13T22:35:17.281021+00:00,8999cef251497fc1770156d4107ea1b2edefecef0f50c94e0ed9bb38323331ec,POLICY_ENGINE,CANON_OR_DOC_READONLY,false,,,,,state.json,LEGACY_WRITE_WORDS,LEGACY_WRITE_WORDS:1,"L1:# DECISION_V1_5C_MAPPING_EXPLICITE_GESTE_NATIF_POLICYENGINE || L9:- policyengine source cible chargee: production/decision/policy_engine.py. || L20:- Ne pas lire state.json racine. || L22:- Ecrire uniquement states V1. || L23:- Broker reste paper only, size zero. || L27:- D9: un writer par state V1. || L32:- policyengine_called true si decide accepte FLAT. || L34:- broker reste SIMULATED_ONLY."
auditdecisions/DECISION_V1_5_BRANCHAGE_POLICYENGINE_PAPER_ONLY_2026-05-13_2232UTC.md,true,1228,2026-05-13T22:32:43.539170+00:00,b7d85ca658363831c57a72bdc4601dabd05d4de43effe1c54e3f018febc88e6f,DEMO_BROKER,CANON_OR_DOC_READONLY,false,,,,,demo_v1/states/policyengine_state.json;state.json,REAL_EXCHANGE;CRON_SYSTEMD;LEGACY_WRITE_WORDS;DEMO_WORDS,REAL_EXCHANGE:1;CRON_SYSTEMD:2;LEGACY_WRITE_WORDS:2;DEMO_WORDS:5,L1:# DECISION_V1_5_BRANCHAGE_POLICYENGINE_PAPER_ONLY || L9:- Le couloir demo_v1 existe. || L10:- Les states V1 sont separes. || L11:- Le broker est demobroker_paper_only. || L15:- Brancher le premier organe reel qualifie: policyengine. || L16:- Source cible: productiondecisionpolicyengine.py seulement. || L19:- Ecrire le resultat dans demo_v1/states/policyengine_state.json. || L20:- Garder l'ordre broker en simulation seulement. || L25:- Aucun ccxt actif dans demo_v1. || L29:- Aucune ecriture state.json racine. || L33:- D9: un writer par state V1. || L35:- D11_ARBITRAGES_V1: policyengine cible = productiondecisionpolicyengine.py seul. || L38:- V1-5 produit une pulsation paper only avec policyengine_state. || L39:- Le broker reste SIMULATED_ONLY.
auditdecisions/DECISION_V1_6A_ALLOCATION_PAPER_SHADOW_EXPLICITE_2026-05-13_2237UTC.md,true,1699,2026-05-13T22:37:31.457778+00:00,f53304f8e03d5dcb4435c9437d4035e4aa0f4286d1129c4ab43297342fe80ab0,MONEY_MANAGER,CANON_OR_DOC_READONLY,false,,,,,state.json,CRON_SYSTEMD;LEGACY_WRITE_WORDS;DEMO_WORDS,CRON_SYSTEMD:2;LEGACY_WRITE_WORDS:1;DEMO_WORDS:2,"L1:# DECISION_V1_6A_ALLOCATION_PAPER_SHADOW_EXPLICITE || L9:- policyengine est appele reellement. || L10:- policyengine produit raw_policy_action LONG et sizing 0.05 depuis entree placeholder. || L12:- broker reste FLAT, size 0.0, real_order_sent false. || L20:- Creer allocation_adapter.py dans demo_v1/adapters. || L21:- Calculer une allocation paper shadow depuis raw_result.sizing. || L24:- max_policy_sizing explicite: 0.20. || L25:- Calculer raw_policy_notional_paper pour observation. || L28:- Broker side force FLAT si allocated_size=0.0. || L30:- Ne pas lire state.json racine. || L35:- D9: un writer par state V1. || L37:- D11_ARBITRAGES_V1: capital parametre explicite, pas demostate implicite. || L42:- policyengine_called true. || L43:- raw_policy_action LONG possible. || L45:- raw_policy_sizing 0.05 observe. || L46:- raw_policy_notional_paper 1750.0 possible. || L48:- broker side FLAT. || L49:- real_order_sent false."
auditdecisions/DECISION_V1_6A_FIX_INTERFACE_DEMOBROKER_2026-05-13_2238UTC.md,true,1171,2026-05-13T22:38:21.587064+00:00,826e597ada2c5519e6872655767b6e40039c3d338c034c9c07059f7319ef77d1,DEMO_BROKER,CANON_OR_DOC_READONLY,false,,,,,state.json,CRON_SYSTEMD;LEGACY_WRITE_WORDS;DEMO_WORDS,CRON_SYSTEMD:2;LEGACY_WRITE_WORDS:1;DEMO_WORDS:11,L1:# DECISION_V1_6A_FIX_INTERFACE_DEMOBROKER || L11:AttributeError: module adapters.demobroker has no attribute execute_paper_order || L12:- Cause: mismatch de contrat entre orchestrateur_demo_total_v1_6.py et demobroker.py. || L17:- Corriger uniquement demo_v1/adapters/demobroker.py. || L18:- Exposer execute_paper_order comme contrat canonique V1. || L19:- Garder broker paper only. || L20:- Forcer real_order_sent false. || L23:- Ajouter alias compatibles pour anciens appels demo. || L25:- Ne pas lire state.json racine. || L30:- D9: un writer par state V1. || L36:- broker_side FLAT. || L38:- real_order_sent false.
auditdecisions/DECISION_V1_6C_H_REAL_POLICYENGINE_CAPACITEOK_2026-05-13_2245UTC.md,true,1961,2026-05-13T22:47:03.046096+00:00,e92fc04dec37a0adc67e95bf619e3b41ae051017692a4290ee647acae58ece08,MONEY_MANAGER,CANON_OR_DOC_READONLY,false,,,,,state.json,CRON_SYSTEMD;LEGACY_WRITE_WORDS,CRON_SYSTEMD:2;LEGACY_WRITE_WORDS:1,"L1:# DECISION_V1_6C_H_REAL_POLICYENGINE_CAPACITEOK || L10:- decision_state transmet meteo_traceabilityid. || L11:- allocation reste zero. || L12:- broker reste FLAT. || L13:- real_order_sent reste false. || L14:- Un premier passage V1-6C avait perdu la preuve d'appel reel policyengine. || L16:- policyengine_state.real_call_ok est true. || L17:- policyengine_state.signature est non null. || L19:- raw_policy_action LONG est observe depuis policyengine reel. || L24:- Conserver l'appel reel policyengine avec real_call_ok obligatoire. || L25:- Conserver CAPACITEOK strict avec check POLICYENGINE_real_call. || L28:- Garder l'allocation en shadow paper. || L29:- Garder le broker paper FLAT. || L31:- Ne pas lire state.json racine. || L33:- Ecrire uniquement states V1. || L37:- D9: un writer par state V1. || L45:- policyengine_state.real_call_ok true. || L46:- policyengine_state.signature non null. || L51:- broker_side FLAT. || L52:- real_order_sent false. || L56:- Le wrapper devra passer capital, aplomb et tempo explicitement."
auditdecisions/DECISION_V1_6D_MONEYMANAGER_WRAPPER_EXPLICITE_2026-05-13_2248UTC.md,true,1901,2026-05-13T22:48:03.754454+00:00,983828659df208c9f0010b0491b010ee7995ff578baa5a61aa8fa62df76f0ced,MONEY_MANAGER,CANON_OR_DOC_READONLY,false,,,,,demo_v1/states/moneymanager_state.json;state.json;statedemo.json,CRON_SYSTEMD;LEGACY_WRITE_WORDS;DEMO_WORDS,CRON_SYSTEMD:2;LEGACY_WRITE_WORDS:2;DEMO_WORDS:3,L9:- policyengine est appele reellement. || L11:- allocation reste zero. || L12:- broker reste FLAT. || L13:- real_order_sent reste false. || L17:- BASEDIR aplomb incoherent. || L21:- aplomb explicite. || L27:- Creer demo_v1/adapters/moneymanager_adapter.py. || L28:- Ne pas importer production/allocation/moneymanager.py. || L33:- Passer tempo_state explicitement. || L34:- Passer aplomb_state explicitement. || L35:- Ecrire demo_v1/states/moneymanager_state.json uniquement via orchestrateur. || L36:- Integrer moneymanager_state dans statedemo.json. || L43:- Garder broker FLAT. || L44:- Garder real_order_sent false. || L46:- Ne pas lire state.json racine. || L51:- moneymanager_state.present true. || L52:- moneymanager_state.explicit_inputs true. || L53:- moneymanager_state.legacy_imported false. || L54:- moneymanager_state.executable_size 0.0. || L55:- allocation_state.allocated_size 0.0. || L56:- broker_state.side FLAT. || L57:- real_order_sent false.
auditdecisions/DECRETA73SEMANTIQUENEUTRALPOSITIONDEMO2026-05-15.md,true,1964,2026-05-15T19:25:02.568492+00:00,3eefcc21f9b1250222d30339bea7f81ba01008a0d13c8df16607fd2fcc0a1961,DECISION_TO_ORDER,CANON_OR_DOC_READONLY,false,,,,,moneymanagerstate.json;state.json,LEGACY_WRITE_WORDS;DEMO_WORDS;CLOSE_WORDS,LEGACY_WRITE_WORDS:3;DEMO_WORDS:4;CLOSE_WORDS:11,"L1:# DECRET A7.3 — SEMANTIQUE NEUTRAL POSITION DEMO — 2026-05-15 || L5:Définir la sémantique canonique de `Money Manager = NEUTRAL finale 0.0` lorsqu'un ledger démo contient encore une position ouverte. || L9:La sonde A7.3 établit une position demo nette de -0.081 BTC SHORT. || L10:Le Money Manager actuel expose une cible NEUTRAL finale 0.0. || L16:`NEUTRAL finale 0.0` signifie `TARGET_FLAT`. || L19:Il ne signifie pas ignorer le ledger démo. || L24:- Si `target = 0` et `ledger_net = 0`, alors action sémantique : `SKIP`. || L25:- Si `target = 0` et `ledger_net < 0`, alors action sémantique : `CLOSE_TO_FLAT` par rachat/couverture candidat. || L26:- Si `target = 0` et `ledger_net > 0`, alors action sémantique : `CLOSE_TO_FLAT` par vente/réduction candidat. || L32:- `ledger_net = -0.081 BTC` || L34:- Sémantique décrétée : `CLOSE_TO_FLAT` || L37:- Suite autorisée : sonde froide de faisabilité CLOSE, puis décret d'activation séparé si validé || L44:Ce décret ne modifie pas `decisiontoorder.py`. || L45:Ce décret ne modifie pas `demobroker.py`. || L46:Ce décret ne modifie pas `moneymanagerstate.json`. || L47:Ce décret ne modifie pas `state.json`."
auditdecisions/INDEXATIONA73NEUTRALPOSITIONDEMO20260515T20260515T193822Z.md,true,1041,2026-05-15T19:38:22.458853+00:00,8735c3bfbf7bea974dcf11298341b2965ea8886710d63f9a3830f685db3fa895,CANON_DOC,CANON_OR_DOC_READONLY,false,,,,,,DEMO_WORDS;CLOSE_WORDS,DEMO_WORDS:3;CLOSE_WORDS:4,L1:# INDEXATION A73 — NEUTRAL POSITION DEMO — 2026-05-15 || L13:- DECRETA73SEMANTIQUENEUTRALPOSITIONDEMO2026-05-15.md || L14:- ATTESTATIONA73PNLLATENTPOSITIONDEMONONCLOSE2026-05-15.md || L26:A73 definit que NEUTRAL finale 0.0 signifie TARGET_FLAT. || L36:A73 ne modifie aucun state.
auditdecisions/RECTIFICATIFR4POSITIONDEMONETTELEDGERPRIME_20260515T195934Z.md,true,5047,2026-05-15T19:59:34.415568+00:00,9fe0fb0afe2f2699b62f27e2277a09ebda905b9f97b42b40077cd686bd5aa6f0,DEMO_BROKER,CANON_OR_DOC_READONLY,false,,,,,demo/states/statedemo.json,SECRET_ENV;CRON_SYSTEMD;DEMO_WORDS;CLOSE_WORDS,SECRET_ENV:1;CRON_SYSTEMD:3;DEMO_WORDS:22;CLOSE_WORDS:11,"L1:# RECTIFICATIF R4 — POSITION DEMO NETTE / LEDGER PRIME || L3:Référence : RECTIFICATIFR4POSITIONDEMONETTELEDGERPRIME || L7:Portée : MODE_DEMO_TOTAL uniquement || L12:State runtime : AUCUN ÉCRIT || L18:Il clarifie que, pour décider si la cible TARGETFLAT est atteinte, la source canonique de vérité est le ledger net reconstruit depuis les exécutions démo, et non la seule valeur `position_after_demo` exposée dans le dern || L20:Ce rectificatif ne crée aucun ordre, ne valide aucune exécution, ne modifie aucun module Python, ne modifie aucun cron, ne touche aucun state runtime et n’autorise aucune finance réelle. || L24:A73 a posé que `NEUTRAL finale 0.0` signifie TARGETFLAT. || L26:R3 a exécuté une sonde froide de contrat CLOSETOFLAT et consommateurs position démo. || L28:R3 a constaté un ledger net démo de `-0.081 BTC`. || L30:R3 a produit un candidat froid `BUY 0.081 BTC` dont l’effet attendu serait `expected_ledger_after_if_filled = 0.0`. || L36:Le champ `position_after_demo` produit par demobroker est une sortie de dernière exécution broker démo. || L40:Une exécution `BUY 0.081` après un ledger net `-0.081` peut apparaître localement comme dernier fill BUY, mais son effet ledger est une couverture de short menant à TARGETFLAT. || L46:Pour MODE_DEMO_TOTAL, la position demo nette canonique se calcule par somme signée des exécutions `FILLED_DEMO`. || L50:- `BUY` et `LONG` augmentent le ledger net. || L51:- `SELL` et `SHORT` diminuent le ledger net. || L53:- Toute sémantique `CLOSE` future doit être rattachée explicitement à son effet de couverture avant exécution. || L55:Le champ `demo/states/statedemo.json` et les sous-champs de dernière exécution restent utiles comme photographie broker démo, mais ne priment pas sur le ledger net reconstruit depuis `demo/executions`. || L61:- Ledger net avant candidat : `-0.081 BTC`. || L76:Toute exécution ultérieure exige un décret séparé, une sonde froide immédiatement préalable, et une validation explicite de la chaîne Prudence → orders/validated → demobroker_runner → demobroker. || L86:Découverte nouvelle : ambiguïté de lecture entre `position_after_demo` dernière exécution et ledger net cumulé. || L88:Redécouverte : A73 avait déjà posé TARGETFLAT pour `NEUTRAL finale 0.0`. || L90:Correction : la cible flat doit être mesurée par ledger net, pas par lecture naïve du dernier fill. || L98:Je signe le rectificatif R4 POSITION DEMO NETTE / LEDGER PRIME. || L100:Je reconnais que TARGETFLAT se mesure par ledger net démo reconstruit depuis les exécutions FILLED_DEMO. || L102:Je reconnais que `position_after_demo` est une photographie de dernière exécution broker démo et ne prime pas sur le ledger net."
demo/broker/demobroker.py,true,5585,2026-05-07T21:11:14.893323+00:00,ff9ee7f314e343922a3dfcd98df26b3e18629b0deb387aee7c935ec2b199cc36,DEMO_BROKER,CANDIDAT_DEMO_ISOLE,true,json;sys;uuid;datetime;pathlib,now;load_json;write_json;mode_ok;reject;validate;execute;update_state;main,,get:13;now:5;float:4;Path:4;write_json:3;dumps:3;read_text:2;load_json:2;print:2;exists:2;join:2;uuid4:2;isoformat:1;loads:1;write_text:1;mode_ok:1;round:1;update:1;validate:1;update_state:1;SystemExit:1;resolve:1;len:1;mkdir:1;execute:1,demo/orders/order.json;statedemo.json,SECRET_ENV;DEMO_WORDS;CLOSE_WORDS,SECRET_ENV:2;DEMO_WORDS:42;CLOSE_WORDS:1,"L9:DEMO = ROOT / ""demo"" || L10:ORDERS = DEMO / ""orders"" || L11:EXECUTIONS = DEMO / ""executions"" || L12:STATES = DEMO / ""states"" || L13:LOGS = DEMO / ""logs"" || L14:MODE_LOCK = DEMO / ""config"" / ""mode.lock"" || L15:STATEDEMO = STATES / ""statedemo.json"" || L17:ALLOWED_SIDES = {""BUY"", ""SELL"", ""LONG"", ""SHORT"", ""CLOSE"", ""HOLD""} || L18:FORBIDDEN_KEYS = {""api_key"", ""secret"", ""passphrase"", ""credential"", ""credentials"", ""exchange_target"", ""broker_real"", ""real_broker""} || L34:""MODE=MODE_DEMO_TOTAL"", || L38:""EXECUTION_DEMO=AUTORISEE"", || L45:def reject(order, reason): || L47:""execution_id"": ""DEMO_REJECT_"" + uuid.uuid4().hex[:12], || L48:""order_id"": order.get(""order_id""), || L50:""mode"": ""MODE_DEMO_TOTAL"", || L51:""symbol"": order.get(""symbol""), || L52:""side"": order.get(""side""), || L53:""quantity"": order.get(""quantity""), || L54:""fill_price_demo"": None, || L55:""fees_demo"": 0.0, || L56:""pnl_demo"": 0.0, || L57:""position_after_demo"": None, || L58:""cash_after_demo"": None, || L59:""status"": ""REJECTED_DEMO"", || L64:def validate(order):"
demo/broker/demobroker_runner.py,true,3505,2026-05-10T18:19:44.760357+00:00,fc5cf72146ea02cf7e237f4ba179f705ad40247b690d3713e6797dd148408b41,DEMO_BROKER,CANDIDAT_DEMO_ISOLE,true,json;shutil;subprocess;sys;datetime;pathlib,now;log;main,,str:9;log:8;move:3;mkdir:2;now:2;len:2;isoformat:1;update:1;sorted:1;SystemExit:1;resolve:1;open:1;write:1;exists:1;glob:1;main:1;run:1;Path:1;dumps:1,,SUBPROCESS;DEMO_WORDS,SUBPROCESS:3;DEMO_WORDS:33,"L3:demobroker_runner.py — Poller aval minimal V0 || L4:Scanne demo/orders/validated/ et appelle demobroker.py pour chaque ordre. || L5:Conforme à DECRET_A6 et CONTRAT_DEMOBROKER_V0. || L7:Usage : python3 demo/broker/demobroker_runner.py || L8:(aucun argument ; lit demo/orders/validated/) || L11:Crée demo/orders/processed/ et demo/orders/failed/ si absents. || L15:- CONTRAT_DEMOBROKER_V0 (fichiers autorisés en écriture) || L16:- CONTRAT_PRUDENCE_DEMO_V0 (lit après validation prudence) || L32:DEMO = ROOT / ""demo"" || L33:ORDERS = DEMO / ""orders"" || L34:VALIDATED = ORDERS / ""validated"" || L35:PROCESSED = ORDERS / ""processed"" || L36:FAILED = ORDERS / ""failed"" || L37:LOGS = DEMO / ""logs"" || L38:RUNNER_LOG = LOGS / ""demobroker_runner.log"" || L39:DEMOBROKER = DEMO / ""broker"" / ""demobroker.py"" || L55:if not DEMOBROKER.exists(): || L56:log({""event"": ""DEMOBROKER_MISSING"", ""level"": ""ERROR""}) || L62:orders = sorted(VALIDATED.glob(""*.json"")) || L64:if not orders: || L65:log({""event"": ""IDLE_NO_ORDER"", ""count"": 0}) || L68:log({""event"": ""BATCH_START"", ""count"": len(orders)}) || L70:for order_path in orders: || L71:order_id = order_path.stem || L74:[sys.executable, str(DEMOBROKER), str(order_path)],"
demo/contracts/AMENDEMENT_CONTRAT_DEMOBROKER_V0_1_CODE_EXISTE_2026-05-12.md,true,3635,2026-05-12T07:44:12.707256+00:00,c2997be31541c05cf3dcd46c2acb83f4c83f02653dd30fc5e8cbbbb4b8833a62,DEMO_BROKER,CANON_OR_DOC_READONLY,false,,,,,demo/states/statedemo.json;statedemo.json,CRON_SYSTEMD;DEMO_WORDS,CRON_SYSTEMD:1;DEMO_WORDS:46,"L1:# AMENDEMENT CONTRAT_DEMOBROKER V0.1 — CODE_EXISTE || L6:**Source collecte** : audit/rapports/COLLECTE_CONTRAT_DEMOBROKER_20260512_074143.txt || L11:CONTRAT_DEMOBROKER_V0.md (7 mai 21:10, 2107 o, gravé pré-A6/A7) déclare || L12:`CONTRAT_POSE / CODE_NON_ECRIT / BROKER_REEL_INTERDIT / BROKER_DEMO_AUTORISE`. || L23:| Demobroker | `demo/broker/demobroker.py` 5585 o (7 mai 21:11) | || L24:| Runner aval (A6) | `demo/broker/demobroker_runner.py` 3505 o (10 mai 18:19) | || L25:| Prudence | `demo/prudence/prudence_demo.py` 4164 o (7 mai 21:13) | || L26:| Prudence runner V2 OPT_γ (post-D85) | `demo/prudence/prudence_demo_runner.py` 7340 o (10 mai 20:44) | || L27:| Générateur ordres (A7) | `demo/generator/decision_to_order.py` 7218 o (10 mai 19:53) | || L28:| State | `demo/states/statedemo.json` 1489 o | || L29:| Exécutions tracées | 18 `DEMO_EXEC_*.json` + 1 `DEMO_REJECT_*.json` dans `demo/executions/` | || L30:| Ordres traités pipeline A7 | 2 `AUTO_A7_*.json` dans `demo/orders/processed/` | || L41:BROKER_REEL_INTERDIT. || L42:BROKER_DEMO_AUTORISE. || L48:CODE_EXISTE — 5 modules opérationnels (demobroker, demobroker_runner, || L49:prudence_demo, prudence_demo_runner V2 OPT_γ, decision_to_order). || L51:BROKER_REEL_INTERDIT — invariant doctrinal préservé. || L52:BROKER_DEMO_AUTORISE — confirmé runtime (19 traces exécution dans demo/executions/). || L57:- CONTRAT_DEMOBROKER_V0.md original (7 mai 21:10) : INTACT (mtime/size inchangés) || L59:- 4 garde-fous doctrinaux : SERAGONE_ARGENT_REEL=0, DRY_RUN=True, mode=MODE_DEMO_TOTAL, decision_weight ≤ 0.1 || L63:1. statedemo.json mtime 11 mai 20:57 → désynchronisation apparente (~10h sans écriture) — sonde séparée à prévoir. || L64:2. Logs `decision_to_order.log` / `prudence_demo_runner.log` / `demobroker_runner.log` à taille 0 — vérifier rotation ou redirection silencieuse. || L71:- Aucun state runtime écrit. || L77:**FIN AMENDEMENT_CONTRAT_DEMOBROKER_V0.1_CODE_EXISTE**"
demo/contracts/CONTRAT_DEMOBROKER_V0.md,true,2107,2026-05-07T21:10:27.079040+00:00,33fac19ec6f11476334ce1b7f9d2617eca76b2363331b0c473b96c8875f2871a,DEMO_BROKER,CANON_OR_DOC_READONLY,false,,,,,state.json,SECRET_ENV;CRON_SYSTEMD;LEGACY_WRITE_WORDS;DEMO_WORDS;CLOSE_WORDS,SECRET_ENV:3;CRON_SYSTEMD:1;LEGACY_WRITE_WORDS:1;DEMO_WORDS:29;CLOSE_WORDS:1,"L1:# CONTRAT DEMOBROKER V0 — 2026-05-07 || L5:Le demobroker reçoit les ordres internes réels produits par Séragone. || L15:Le demobroker est le dernier connecteur simulé. || L20:- prudence ; || L33:- historique broker. || L38:- order_id ; || L43:- order_type ; || L47:- prudence_status ; || L52:Le demobroker refuse tout ordre si : || L56:- broker réel est demandé ; || L57:- mode n'est pas MODE_DEMO_TOTAL ; || L58:- prudence_status vaut BLOCKED ; || L60:- side n'est pas BUY, SELL, LONG, SHORT, CLOSE ou HOLD. || L66:- order_id ; || L68:- mode MODE_DEMO_TOTAL ; || L72:- fill_price_demo ; || L73:- fees_demo ; || L74:- pnl_demo ; || L75:- position_after_demo ; || L76:- cash_after_demo ; || L77:- status FILLED_DEMO, REJECTED_DEMO ou HELD_DEMO ; || L82:Le demobroker peut écrire uniquement dans : || L83:- demo/executions/ || L84:- demo/orders/ || L85:- demo/states/"
demo/contracts/CONTRAT_PRUDENCE_DEMO_V0.md,true,1283,2026-05-07T21:13:36.014295+00:00,dadccafcf25d28492b429d02c3ed4efdbda1da4ab3d84014a9dadce37ac699c5,DEMO_BROKER,CANON_OR_DOC_READONLY,false,,,,,,SECRET_ENV;DEMO_WORDS,SECRET_ENV:1;DEMO_WORDS:10,"L1:# CONTRAT PRUDENCE DEMO V0 — 2026-05-07 || L5:Prudence Démo V0 est placée au-dessus du demobroker. || L7:Elle valide ou bloque un ordre interne avant qu'il atteigne demo/broker/demobroker.py. || L11:Prudence n'est pas décorative. || L12:Prudence n'est pas seulement une note canonique. || L13:Prudence doit être lue, produire un état, et empêcher mécaniquement un ordre dangereux d'atteindre le broker démo. || L17:Ordres internes MODE_DEMO_TOTAL. || L31:Mode différent de MODE_DEMO_TOTAL. || L37:Ordre déjà marqué prudence_status BLOCKED. || L42:- l'ordre est écrit dans demo/orders/validated/ || L43:- prudence_status devient PASS || L44:- prudence_checked vaut true || L45:- prudence_checked_at est rempli || L48:- l'ordre est écrit dans demo/orders/rejected/ || L49:- prudence_status devient BLOCKED || L50:- prudence_block_reason est rempli || L51:- aucun passage broker ne doit suivre || L56:PRUDENCE_AU_DESSUS_BROKER."
demo/generator/decision_to_order.py,true,7218,2026-05-10T19:53:55.232481+00:00,d0edc0ae05dc898a763a67381d8dbea1fa4aba98d876988e20143ee938efdf64,DECISION_TO_ORDER,BLOQUER_VERIFIER_WRITE_LEGACY,true,__future__;hashlib;json;sys;datetime;pathlib,utc_iso;utc_compact;log_event;read_json;write_json_atomic;decision_hash;main,,log_event:8;get:6;str:5;mkdir:3;exists:3;utc_iso:3;open:3;read_json:3;float:3;write_json_atomic:2;now:2;isoformat:1;strftime:1;with_suffix:1;replace:1;upper:1;decision_hash:1;utc_compact:1;exit:1;write:1;load:1;dump:1;hexdigest:1;main:1;resolve:1,decision_to_order_state.json;demo/states/decision_to_order_state.json;money_manager_state.json;state.json,SECRET_ENV;LEGACY_WRITE_WORDS;DEMO_WORDS,SECRET_ENV:1;LEGACY_WRITE_WORDS:10;DEMO_WORDS:16,"L4:SÉRAGONE — decision_to_order.py || L6:A7 V0 — Générateur d'ordres demo depuis MM position_nette + state.json.prix. || L15:1. Vérifie state.json + money_manager_state.json existent || L17:3. Lit state.json.prix (LIVE, clé canonique FR) || L18:4. Crée demo/{generator,states,orders,logs}/ si absents || L20:6. Compare avec hash précédent dans demo/states/decision_to_order_state.json || L22:8. Différent → écrit ordre 12 champs + update hash + ORDER_GENERATED || L29:- pas de pnl_demo / cash_after_demo simulés || L33:- lecture seule sur state.json + money_manager_state.json || L34:- écrit UNIQUEMENT dans demo/orders/, demo/states/, demo/logs/ || L35:- n'écrit jamais dans validated/ ni rejected/ (rôle de prudence_demo_runner) || L49:# Chemins canoniques (script à demo/generator/, root = ~/seragone) || L53:STATE_PATH = ROOT / ""state.json"" || L54:MM_STATE_PATH = ROOT / ""money_manager_state.json"" || L55:ORDERS_DIR = ROOT / ""demo"" / ""orders"" || L56:STATES_DIR = ROOT / ""demo"" / ""states"" || L57:LOGS_DIR = ROOT / ""demo"" / ""logs"" || L58:HASH_STATE = STATES_DIR / ""decision_to_order_state.json"" || L59:LOG_PATH = LOGS_DIR / ""decision_to_order.log"" || L95:if not STATE_PATH.exists(): || L96:log_event(""ERROR_STATE_MISSING"", path=str(STATE_PATH)); return 1 || L97:if not MM_STATE_PATH.exists(): || L98:log_event(""ERROR_MM_STATE_MISSING"", path=str(MM_STATE_PATH)); return 1 || L102:state = read_json(STATE_PATH) || L103:mm = read_json(MM_STATE_PATH)"
demo/orders/test_order_danger.json,true,372,2026-05-07T21:13:36.195297+00:00,518a611c41b671844d83af0c71a5b934057d887fe0795dad2bc08f31a2e1acb0,DECISION_TO_ORDER,A_CLASSER,false,,,,,,DEMO_WORDS,DEMO_WORDS:2,"L2:""mode"": ""MODE_DEMO_TOTAL"", || L3:""order_id"": ""TEST_DANGER_20260507_001"", || L8:""order_type"": ""MARKET_DEMO"", || L12:""prudence_status"": ""PASS"","
demo/orders/test_order_demo.json,true,360,2026-05-07T21:11:14.901324+00:00,94de754ee99aa4c234a14650708c03be21ea21b52254b7e2c9a189abde969776,DECISION_TO_ORDER,A_CLASSER,false,,,,,,DEMO_WORDS,DEMO_WORDS:6,"L2:""mode"": ""MODE_DEMO_TOTAL"", || L3:""order_id"": ""TEST_DEMO_20260507_001"", || L5:""source"": ""MANUAL_TEST_DEMO"", || L8:""order_type"": ""MARKET_DEMO"", || L11:""reason"": ""test demobroker v0"", || L12:""prudence_status"": ""PASS"","
demo/prudence/prudence_demo.py,true,4164,2026-05-07T21:13:36.019295+00:00,34af1b39b85e0e010ddb750acaec7f976f4ab253c653befd7cf7cef9ec106101,PRUDENCE_MEASURE,BLOQUER_VERIFIER_WRITE_LEGACY,true,json;sys;uuid;datetime;pathlib,now;read_json;write_json;mode_ok;block_reason;main,,get:11;Path:4;now:3;dumps:3;read_text:2;write_json:2;print:2;float:2;isoformat:1;loads:1;write_text:1;mode_ok:1;read_json:1;block_reason:1;dict:1;SystemExit:1;resolve:1;exists:1;len:1;mkdir:1;str:1;open:1;write:1;main:1;join:1,demo/orders/order.json;prudence_demo_state.json,SECRET_ENV;LEGACY_WRITE_WORDS;DEMO_WORDS;CLOSE_WORDS,SECRET_ENV:2;LEGACY_WRITE_WORDS:1;DEMO_WORDS:17;CLOSE_WORDS:1,"L9:DEMO = ROOT / ""demo"" || L10:VALIDATED = DEMO / ""orders"" / ""validated"" || L11:REJECTED = DEMO / ""orders"" / ""rejected"" || L12:STATES = DEMO / ""states"" || L13:LOGS = DEMO / ""logs"" || L14:MODE_LOCK = DEMO / ""config"" / ""mode.lock"" || L15:PRUDENCE_STATE = STATES / ""prudence_demo_state.json"" || L17:ALLOWED_SIDES = {""BUY"", ""SELL"", ""LONG"", ""SHORT"", ""CLOSE"", ""HOLD""} || L18:FORBIDDEN_KEYS = {""api_key"", ""secret"", ""passphrase"", ""credential"", ""credentials"", ""exchange_target"", ""broker_real"", ""real_broker""} || L34:""MODE=MODE_DEMO_TOTAL"", || L39:""EXECUTION_DEMO=AUTORISEE"", || L46:def block_reason(order): || L50:if order.get(""mode"") != ""MODE_DEMO_TOTAL"": || L51:return ""mode différent de MODE_DEMO_TOTAL"" || L52:if order.get(""real_finance_allowed"") is not False: || L55:if k in order: || L57:if order.get(""prudence_status"") == ""BLOCKED"": || L59:if not order.get(""source""): || L61:if not order.get(""reason""): || L63:if not order.get(""symbol""): || L65:if order.get(""side"") not in ALLOWED_SIDES: || L68:q = float(order.get(""quantity"")) || L72:p = float(order.get(""price_reference"")) || L75:if order.get(""side"") == ""HOLD"": || L86:print(""usage: demo/prudence/prudence_demo.py demo/orders/order.json"", file=sys.stderr)"
demo/prudence/prudence_demo_runner.py,true,7340,2026-05-10T20:44:05.064231+00:00,72f7301a478e9fc0fe97002e0cde8b3ffb8f35481ae3689996670f6d15402174,DEMO_BROKER,CANDIDAT_DEMO_ISOLE,true,__future__;json;subprocess;sys;datetime;pathlib,utc_iso;log_event;tail;is_already_prudenced;main,,log_event:11;str:6;mkdir:2;get:2;exists:2;unlink:2;tail:2;isoformat:1;sorted:1;exit:1;utc_iso:1;open:1;write:1;loads:1;glob:1;is_already_prudenced:1;main:1;resolve:1;now:1;len:1;read_text:1;run:1;dumps:1;Path:1,,SUBPROCESS;DEMO_WORDS,SUBPROCESS:12;DEMO_WORDS:28,"L4:SÉRAGONE — prudence_demo_runner.py || L6:A7 V2 — Runner subprocess pour prudence_demo.py. || L16:Cause racine : demobroker.py L138 archive l'ordre exécuté en || L17:demo/orders/ top-level (effet de bord du broker || L19:En cron PHASE 2, prudence_demo_runner ramassait || L20:ce résidu post-prudence → boucle infinie de re-prudence. || L22:Fix V2 : Avant subprocess, lire le JSON. Si prudence_checked == True || L23:OU prudence_status ∈ {""PASS"",""BLOCKED""} → log || L24:SKIP_ALREADY_PRUDENCED + unlink résidu + continue. || L25:Évite la boucle sans toucher l'invariant demobroker. || L28:1. Vérifie prudence_demo.py existe à demo/prudence/ || L29:2. Crée demo/orders/, demo/logs/ si absents || L30:3. Liste demo/orders/AUTO_A7_*.json (top-level seulement, pas récursif) || L31:4. Si vide : log IDLE_NO_ORDER + exit 0 || L34:- subprocess.run([python3, prudence_demo.py, path], timeout=30) || L35:- log ORDER_PRUDENCED (rc + stdout/stderr abrégés) || L42:(rôle exclusif de prudence_demo.py invoqué en subprocess) || L43:- n'invoque jamais un autre script que prudence_demo.py || L45:- aucune modification de prudence_demo.py || L46:- aucune modification de demobroker.py (L99 strict) || L58:# Chemins canoniques (script à demo/prudence/, root = ~/seragone) || L62:PRUDENCE_PY = ROOT / ""demo"" / ""prudence"" / ""prudence_demo.py"" || L63:ORDERS_DIR = ROOT / ""demo"" / ""orders"" || L64:LOGS_DIR = ROOT / ""demo"" / ""logs"" || L65:LOG_PATH = LOGS_DIR / ""prudence_demo_runner.log"""
demo/reports/RACCORDEMENT_CHAINE_REELLE_VERS_DEMO_20260507_211559/fichiers_execution_broker_router.txt,true,7895,2026-05-07T21:15:59.496364+00:00,2e6dd429d0929bbb10418a4068852f9665d874cb847211722a33ad9e4fb5ed5c,DEMO_BROKER,CANDIDAT_DEMO_ISOLE,false,,,,,,DEMO_WORDS,DEMO_WORDS:3,L1:./.venv/lib/python3.12/site-packages/pandas/tests/frame/methods/test_reorder_levels.py || L2:./.venv/lib/python3.12/site-packages/pandas/tests/reshape/merge/test_merge_ordered.py || L3:./.venv/lib/python3.12/site-packages/scipy/io/matlab/_byteordercodes.py || L4:./.venv/lib/python3.12/site-packages/scipy/io/matlab/byteordercodes.py || L5:./.venv/lib/python3.12/site-packages/scipy/io/matlab/tests/test_byteordercodes.py || L6:./.venv/lib/python3.12/site-packages/scipy/sparse/csgraph/tests/test_reordering.py || L49:./AUDIT_CHRONO_SERAGONE_TOTAL_20260501_101502/contenu/scripts/validators/fix_lot_b_date_order.py || L50:./AUDIT_CHRONO_SERAGONE_TOTAL_20260501_101502/contenu/scripts/validators/fix_lot_b_date_order_v2.py || L80:./demo/broker/demobroker.py || L96:./scripts/validators/fix_lot_b_date_order.py || L97:./scripts/validators/fix_lot_b_date_order_v2.py
demo/reports/RACCORDEMENT_CHAINE_REELLE_VERS_DEMO_20260507_211559/grep_ordre_execution_broker_head2000.txt,true,291274,2026-05-07T21:15:59.547364+00:00,3fbcc665b2bca72528410247cc6671606238a0cf8974da36ce5b1b3a44a670ec,ALLOCATION,BLOQUER_VERIFIER_RISQUE_REEL,false,,,,,./audit/m2_v2_refresh_for_demo_20260507_201306/before/m2_bear_state_v2.json;./audit/m2_v2_refresh_for_demo_20260507_201306/before/m2bearstatev2.json;./audit/mode_demo_ready_warn97_20260507_201400/aplombstate.json;./audit/mode_demo_ready_warn97_20260507_201400/m2_bear_state_v2.json;./audit/mode_demo_ready_warn97_20260507_201400/mondes_paralleles_state.json;./audit/mode_demo_ready_warn97_20260507_201400/seragone_demo_health_state.json;./audit/paralleles_schema_native_closed_20260507_200025/mondes_paralleles_state.json;./audit/paralleles_schema_native_closed_20260507_200025/seragone_demo_health_state.json;/home/ubuntu/seragone/state/prudence_state.json;audit/mode_demo_ready_warn97_20260507_201400/aplombstate.json;audit/mode_demo_ready_warn97_20260507_201400/m2_bear_state_v2.json;audit/mode_demo_ready_warn97_20260507_201400/mondes_paralleles_state.json;audit/mode_demo_ready_warn97_20260507_201400/money_manager_state.json;audit/mode_demo_ready_warn97_20260507_201400/seragone_demo_health_state.json;bulletin_decision_state.json;capital_demo_state.json;chef_demo_state.json;chronometer_state.json;core_eq06_haut_observatoire_ledger.json;demo/states/multivers_state.json;demo/states/prudence_state.json;execution_topology_state.json;m2_bear_state.json;m2_bear_state_v2.json;mondes_paralleles_state.json;money_manager_state.json;policy_state.json;policystate.json;portefeuille_virtuel_state.json;prudence_state.json;reaction_live_outils_ledger.json;seragone_demo_health_state.json;shadow_signal_hash_ledger.json;souffle_premier_air_state.json;state.json;state/prudence_state.json;state_canon.json;state_demo.json;statedemo.json;states/execution_topology_state.json;states/memoires/policy_memoire.json;states/policy_state.json;states/policystate.json;states/prudence_state.json;states/reaction_live_outils_ledger.json;symetrie_state.json;trades_demo_state.json;/home/ubuntu/seragone/audit/decisions/;/home/ubuntu/seragone/audit/decisions/CHANTIER_CANON_API_STATE_CANON_2026-04-29.md;/home/ubuntu/seragone/auditdecisions/;/home/ubuntu/seragone/demo/;/home/ubuntu/seragone/logs/bulletin_decision.log;/home/ubuntu/seragone/logs/execution_topology_audit.log;/home/ubuntu/seragone/logs/prudence.log;/home/ubuntu/seragone/logs/prudence_cron.log;/home/ubuntu/seragone/production/execution/api.py;/home/ubuntu/seragone/production/execution/api.py.;/home/ubuntu/seragone/state/prudence_state.json,REAL_EXCHANGE;REAL_ORDER;SECRET_ENV;CRON_SYSTEMD;SUBPROCESS;LEGACY_WRITE_WORDS;DEMO_WORDS;CLOSE_WORDS,REAL_EXCHANGE:42;REAL_ORDER:17;SECRET_ENV:3;CRON_SYSTEMD:4;SUBPROCESS:1;LEGACY_WRITE_WORDS:161;DEMO_WORDS:397;CLOSE_WORDS:29,"L1:./app_cockpit_v63.py:41: border: 2px solid #C4922A !important; || L2:./app_cockpit_v63.py:43: border-radius: 8px !important; || L3:./app_cockpit_v63.py:53: border: 2px solid #FFD060 !important; || L4:./app_cockpit_v63.py:66:pre, code, .stCodeBlock, [data-testid=""stCode""] {background:#1A0D12 !important; color:#FFD060 !important; border:1px solid #C4922A !important; border-radius:8px !important;} || L5:./app_cockpit_v63.py:70:pre, code, .stCodeBlock {background:#1A0D12 !important; color:#FFD060 !important; border:1px solid #C4922A !important; border-radius:8px !important;} || L6:./app_cockpit_v63.py:84: .kpi { background:linear-gradient(145deg, #1A0D12 0%, #150A10 100%); border-radius:12px; padding:18px 20px; border-left:4px solid #C4922A; margin-bottom:6px; } || L7:./app_cockpit_v63.py:85: .kpi.vert { border-left-color:#1A6B4B; } || L8:./app_cockpit_v63.py:86: .kpi.orange{ border-left-color:#D4A017; } || L9:./app_cockpit_v63.py:87: .kpi.rouge { border-left-color:#CC3333; } || L10:./app_cockpit_v63.py:88: .kpi.bleu { border-left-color:#C4922A; } || L11:./app_cockpit_v63.py:92: .alerte-r { background:#2A0F0F; border:1px solid #CC3333; border-radius:8px; padding:10px 14px; color:#FF7777; margin:4px 0; font-size:13px; } || L12:./app_cockpit_v63.py:93: .alerte-o { background:#2A1E0A; border:1px solid #D4A017; border-radius:8px; padding:10px 14px; color:#FFD060; margin:4px 0; font-size:13px; } || L13:./app_cockpit_v63.py:94: .alerte-v { background:#0A1E12; border:1px solid #1A6B4B; border-radius:8px; padding:10px 14px; color:#4DFF99; margin:4px 0; font-size:13px; } || L14:./app_cockpit_v63.py:95: .box { background:linear-gradient(145deg, #1A0D12 0%, #150A10 100%); border-radius:10px; padding:16px 20px; margin:8px 0; } || L15:./app_cockpit_v63.py:96: .titre { font-size:16px; font-weight:700; color:#FFD4A0; border-bottom:1px solid #2A0A12; padding-bottom:6px; margin:18px 0 10px 0; } || L16:./app_cockpit_v63.py:97: .poche-row { display:flex; align-items:center; gap:10px; padding:6px 0; border-bottom:1px solid #1A2030; } || L17:./app_cockpit_v63.py:98: .badge { border-radius:50%; width:26px; height:26px; display:flex; align-items:center; justify-content:center; font-size:11px; font-weight:800; flex-shrink:0; } || L18:./app_cockpit_v63.py:99: .av-card { background:linear-gradient(145deg, #1A0D12 0%, #150A10 100%); border-radius:10px; padding:14px 18px; border-top:3px solid #C4922A; margin-bottom:8px; } || L19:./app_cockpit_v63.py:100: .av-card.danger { border-top-color:#CC3333; } || L20:./app_cockpit_v63.py:101: .av-card.warn { border-top-color:#D4A017; } || L21:./app_cockpit_v63.py:102: .av-card.ok { border-top-color:#1A6B4B; } || L22:./app_cockpit_v63.py:103: .surplus-box { background:#0A2010; border:2px solid #1A6B4B; border-radius:10px; padding:16px 20px; margin:12px 0; } || L23:./app_cockpit_v63.py:104: header[data-testid=""stHeader""] { background:transparent !important; border:none !important; } || L24:./app_cockpit_v63.py:108: .stRadio label { transition: all 0.2s ease !important; padding: 4px 8px !important; border-radius: 6px !important; } || L25:./app_cockpit_v63.py:133: [data-testid=""stSidebar""] { border-right: 1px solid rgba(196,146,42,0.2) !important; }"
demo/reports/RAPPORT_DEMOBROKER_V0_20260507.md,true,1663,2026-05-07T21:12:08.197640+00:00,6260b6feb217bc8d9bec832e71ceff0ce2c55648120cdfc5542e47c4ee2c8b8d,DEMO_BROKER,CANON_OR_DOC_READONLY,false,,,,,state.json,LEGACY_WRITE_WORDS;DEMO_WORDS,LEGACY_WRITE_WORDS:1;DEMO_WORDS:27,"L1:# RAPPORT DEMOBROKER V0 — 2026-05-07 || L5:DEMOBROKER_V0_FONCTIONNEL. || L9:Un ordre interne démo a été fourni à demo/broker/demobroker.py. || L12:- order_id : TEST_DEMO_20260507_001 || L13:- source : MANUAL_TEST_DEMO || L18:- prudence_status : PASS || L23:Le demobroker a produit une exécution démo complète. || L26:- status : FILLED_DEMO || L28:- state démo mis à jour : oui || L34:Ce test prouve que MODE_DEMO_TOTAL peut recevoir un ordre interne réel dans Séragone et produire une exécution complète sans argent réel ni connexion financière externe. || L39:Séragone complet, broker simulé. || L43:DEMOBROKER_V0 n'est pas encore branché au cerveau Séragone. || L44:DEMOBROKER_V0 n'est pas encore derrière Prudence complète. || L45:DEMOBROKER_V0 ne lit pas encore un flux d'ordres réel continu. || L46:DEMOBROKER_V0 ne calcule pas encore un portefeuille démo complet. || L47:DEMOBROKER_V0 ne met pas encore à jour une mémoire post-trade avancée. || L57:Aucune écriture dans state.json racine. || L61:Poser Prudence Démo V0 au-dessus du demobroker. || L63:Prudence Démo V0 devra valider ou bloquer un ordre interne avant qu'il atteigne demobroker.py."
demo/states/decision_to_order_state.json,true,144,2026-05-15T07:17:02.094557+00:00,9ffb7d66ffa124c28ce24d2f7f5b3e07a2005c7559f54b9e9b982dc56c6c66c8,DECISION_TO_ORDER,A_CLASSER,false,,,,,,,,"L3:""last_order_id"": ""AUTO_A7_20260515T071702"","
demo/states/prudence_demo_state.json,true,333,2026-05-15T07:17:02.273558+00:00,c22586fd8f6d7394b239a6a7165a05584731fbab48ae626ad4e1bba1c512b096,PRUDENCE_MEASURE,CANDIDAT_CALCULATEUR_OU_WRAPPER,false,,,,,/home/ubuntu/seragone/demo/orders/validated/AUTO_A7_20260515T071702.json;/home/ubuntu/seragone/demo/orders/validated/AUTO_A7_20260515T071702.json,DEMO_WORDS,DEMO_WORDS:2,"L2:""mode"": ""MODE_DEMO_TOTAL"", || L4:""last_order_id"": ""AUTO_A7_20260515T071702"", || L7:""last_output"": ""/home/ubuntu/seragone/demo/orders/validated/AUTO_A7_20260515T071702.json"","
doubletempo.py,true,4185,2026-04-23T18:59:15.959867+00:00,6fc5ec3fbab73eba17630069481262b8bf7cfaec62bd101154509899cd34fac7,DOUBLE_TEMPO,BLOQUER_VERIFIER_WRITE_LEGACY,false,__future__;json;datetime;pathlib;typing,_now_iso;_load_state;_save_state;get_tempo_budgets,,get:6;int:4;_now_iso:2;float:2;open:2;Path:1;isoformat:1;mkdir:1;_load_state:1;max:1;upper:1;_save_state:1;exists:1;isinstance:1;dump:1;now:1;load:1;str:1,doubletempostate.json,LEGACY_WRITE_WORDS,LEGACY_WRITE_WORDS:2,"L9:STATE_FILE = BASE_DIR / ""states"" / ""doubletempostate.json"" || L16:def _load_state() -> Dict: || L17:if not STATE_FILE.exists(): || L31:with open(STATE_FILE, ""r"", encoding=""utf-8"") as f: || L51:def _save_state(state: Dict) -> None: || L52:STATE_FILE.parent.mkdir(parents=True, exist_ok=True) || L53:state[""updatedat""] = _now_iso() || L54:with open(STATE_FILE, ""w"", encoding=""utf-8"") as f: || L55:json.dump(state, f, indent=2, ensure_ascii=False) || L59:state = _load_state() || L62:capital_peak = max(float(state.get(""capitalpeak"", 0.0) or 0.0), capital_total) || L65:daysabove220 = int(state.get(""daysabove220"", 0) or 0) + 1 if capital_total > 220000 else 0 || L66:daysbelow180 = int(state.get(""daysbelow180"", 0) or 0) + 1 if capital_total < 180000 else 0 || L67:daysabove400 = int(state.get(""daysabove400"", 0) or 0) + 1 if capital_total > 400000 else 0 || L68:daysbelow320 = int(state.get(""daysbelow320"", 0) or 0) + 1 if capital_total < 320000 else 0 || L70:regime = str(state.get(""regimecurrent"", ""TEMPO1"") or ""TEMPO1"").upper() || L99:new_state = { || L111:_save_state(new_state) || L126:return new_state, tempo"
doubletempostate.json,true,262,2026-04-22T21:19:42.418139+00:00,12e025f03e23b3bd6bbb96eb0a195f82d22335ceb15cef84e05e47a1208cd1eb,DOUBLE_TEMPO,CANDIDAT_CALCULATEUR_OU_WRAPPER,false,,,,,,,,
money_manager.py,true,21106,2026-05-12T08:30:55.642849+00:00,f9b1580c94bbdf3245c1ac4629d2db85bb71485f175f1cd6733a409aeab0aa75,DOUBLE_TEMPO,BLOQUER_VERIFIER_WRITE_LEGACY,true,__future__;doubletempo;json;time;logging;dataclasses;datetime;pathlib;typing,read_json;get_aplomb_permission;get_tireur_direction;get_etincelle_state;get_brisance_active;get_v9_bear;calculer_positions_tireurs;sommer_avec_cap_progressif;compenser_books;appliquer_gardes_fous;load_clones_state;load_m4_state;load_m5_state;main,TireurPosition;GardeFoOuActif,get:40;info:23;upper:10;append:9;str:9;open:8;float:7;sum:6;load:6;warning:6;time:6;stat:6;read_json:5;exists:5;GardeFoOuActif:5;min:4;TireurPosition:4;abs:4;strip:3;int:3;setFormatter:2;addHandler:2;max:2;items:2;get_etincelle_state:2,aplombdailystate.json;aplombstate.json;brisance_state.json;clones_v6_state.json;etincellestate.json;fulgurance_state.json;grappillage_state.json;money_manager_state.json;ours_v2_state.json;presence1hstate.json;sentinelle_exchange_state.json;state.json;tenue30mstate.json;tireurs_agilite_5m_state.json;tireurs_minute_state.json;tireurs_state.json;vigie15mstate.json,REAL_EXCHANGE;LEGACY_WRITE_WORDS;CLOSE_WORDS,REAL_EXCHANGE:1;LEGACY_WRITE_WORDS:21;CLOSE_WORDS:3,"L8:Applique l'allocation capital synthétisée à partir des 4 réponses IA. || L9:Lit les états des tireurs + V9 + Aplomb + brisance + étincelle. || L27:STATE_OUT = BASE / ""money_manager_state.json"" || L40:TIREURS_ALLOCATION = { || L48:""Aplomb"": 0.03, || L56:MULT_APLOMB = { || L87:TIREURS_STATE_FILES = { || L88:""Aplomb"": BASE / ""aplombdailystate.json"", || L89:""Presence"": BASE / ""presence1hstate.json"", || L90:""Tenue"": BASE / ""tenue30mstate.json"", || L91:""Vigie"": BASE / ""vigie15mstate.json"", || L92:""Agilite"": BASE / ""tireurs_agilite_5m_state.json"", || L93:""Precision"": BASE / ""tireurs_minute_state.json"", || L94:""Fulgurance"": BASE / ""fulgurance_state.json"", || L95:""Etincelle"": BASE / ""etincellestate.json"", || L99:BRISANCE_STATE = BASE / ""brisance_state.json"" || L100:ETINCELLE_STATE = BASE / ""etincellestate.json"" || L126:def get_aplomb_permission() -> str: || L128:BASE / ""aplombdailystate.json"", || L129:BASE / ""aplombdailystate.json"", || L130:BASE / ""aplombstate.json"", || L133:state = None || L135:state = read_json(path) || L136:if state: || L139:if not state:"
money_manager_perplexity_97L.py,true,3144,2026-04-22T21:28:06.943378+00:00,cf700937a3161e5d9ebde2261197fe646e3b8f1600bdb96d00a49cd21b6d0da1,ALLOCATION,BLOQUER_VERIFIER_WRITE_LEGACY,true,json;pathlib;datetime;sys;modules.double_tempo,load_aplomb_state;load_m3_state;load_m8_state;get_capital_total;run_money_manager,,get:5;open:4;exists:3;load:3;Path:2;append:1;str:1;get_capital_total:1;load_aplomb_state:1;load_m3_state:1;load_m8_state:1;get_tempo_budgets:1;print:1;run_money_manager:1;min:1;isoformat:1;dump:1;now:1,aplomb_state.json;m3_temperance_state.json;m8_tresorerie_state.json;money_manager_state.json,LEGACY_WRITE_WORDS,LEGACY_WRITE_WORDS:4,"L14:STATE_FILE = BASE_DIR / ""money_manager_state.json"" || L16:def load_aplomb_state(): || L17:f = BASE_DIR / ""aplomb_state.json"" || L23:def load_m3_state(): || L24:f = BASE_DIR / ""moteurs"" / ""m3_temperance_state.json"" || L30:def load_m8_state(): || L31:f = BASE_DIR / ""moteurs"" / ""m8_tresorerie_state.json"" || L35:return {""cash_tactique_allocation"": 0.0} || L44:aplomb = load_aplomb_state() || L45:m3 = load_m3_state() || L46:m8 = load_m8_state() || L48:direction = aplomb.get(""direction"", ""NEUTRE"") || L49:perm = aplomb.get(""permission"", 0.0) || L52:tempo_state, budgets = get_tempo_budgets(capital) || L66:# Application de M8 (Trésorerie active) - allocation delta-neutre || L67:budget_tresorerie = m8.get(""cash_tactique_allocation"", 0.0) * capital || L78:state = { || L91:with open(STATE_FILE, 'w') as f: || L92:json.dump(state, f, indent=2) || L95:return state"
money_manager_state.json,true,2538,2026-05-15T20:38:02.366899+00:00,6f64fa6b21f9abf809b50e2205abd90cef2f3cf76d3f4dd87a4bed5e7b5cfcbc,ALLOCATION,CANDIDAT_CALCULATEUR_OU_WRAPPER,false,,,,,,CLOSE_WORDS,CLOSE_WORDS:1,"L4:""version"": ""1.1-aplomb-canon"", || L19:""permission_aplomb"": ""SHORT"", || L31:""allocation_eur"": 4235.0, || L32:""multiplicateur_aplomb"": 0.0, || L40:""allocation_eur"": 3465.0, || L41:""multiplicateur_aplomb"": 0.0, || L49:""allocation_eur"": 2887.5, || L50:""multiplicateur_aplomb"": 0.0, || L58:""allocation_eur"": 2502.5, || L59:""multiplicateur_aplomb"": 0.0, || L67:""allocation_eur"": 2117.5, || L68:""multiplicateur_aplomb"": 0.0, || L76:""allocation_eur"": 1540.0, || L77:""multiplicateur_aplomb"": 0.0, || L85:""allocation_eur"": 1925.0, || L86:""multiplicateur_aplomb"": 0.0, || L101:""direction"": ""NEUTRAL"","
money_manager_state_production.json,true,3431,2026-04-23T19:08:59.664289+00:00,523448e3722a8a296cba90ac9db8d83c6fcdcc048cc0e2e406ba8659329f6dfb,ALLOCATION,CANDIDAT_CALCULATEUR_OU_WRAPPER,false,,,,,,,,"L19:""permission_aplomb"": ""SHORTFORT"", || L31:""allocation_eur"": 4235.0, || L32:""multiplicateur_aplomb"": 0.0, || L40:""allocation_eur"": 3465.0, || L41:""multiplicateur_aplomb"": 0.0, || L49:""allocation_eur"": 2887.5, || L50:""multiplicateur_aplomb"": 0.0, || L58:""allocation_eur"": 2502.5, || L59:""multiplicateur_aplomb"": 0.0, || L67:""allocation_eur"": 2117.5, || L68:""multiplicateur_aplomb"": 0.0, || L76:""allocation_eur"": 1540.0, || L77:""multiplicateur_aplomb"": 0.0, || L85:""allocation_eur"": 1925.0, || L86:""multiplicateur_aplomb"": 0.0, || L91:""nom"": ""Aplomb"", || L94:""allocation_eur"": 577.5, || L95:""multiplicateur_aplomb"": 0.0, || L103:""allocation_eur"": 5103.0, || L104:""multiplicateur_aplomb"": 1.0, || L112:""allocation_eur"": 6300.0, || L113:""multiplicateur_aplomb"": 1.0, || L121:""allocation_eur"": 3500.0, || L122:""multiplicateur_aplomb"": 1.0,"
prudence_module.py,true,6177,2026-04-19T23:06:03.404451+00:00,73523882c73a1099059d46a6a67b4b4a746b973a911bcab1ae1cd39781dc835d,PRUDENCE_MEASURE,BLOQUER_VERIFIER_WRITE_LEGACY,true,json;pandas;numpy;datetime;pathlib,prudence_parle;compter_convergence;ecrire_etat;log_ligne;main,,len:4;to_datetime:2;mkdir:2;int:2;isoformat:2;open:2;log_ligne:2;print:2;Path:2;now:2;read_csv:1;reset_index:1;range:1;main:1;quantile:1;dump:1;write:1;compter_convergence:1;prudence_parle:1;ecrire_etat:1;sort_values:1;ValueError:1,/home/ubuntu/seragone/state/prudence_state.json;prudence_state.json;/home/ubuntu/seragone/data/mondes_recursifs_100m.csv;/home/ubuntu/seragone/logs/prudence.log;/home/ubuntu/seragone/state/prudence_state.json,LEGACY_WRITE_WORDS,LEGACY_WRITE_WORDS:2,"L2:PRUDENCE — la voix qui refuse le consensus grégaire || L10:Prudence surveille le nombre de mondes récursifs qui convergent sur OUVRIR || L24:Quand Prudence parle, le geste final du chef est forcé à ATTENDRE, || L46:PRUDENCE_ZONE_MIN = 55 || L47:PRUDENCE_ZONE_MAX = 65 || L48:PRUDENCE_FENETRE = 180 || L49:PRUDENCE_QUANTILE = 0.20 || L50:PRUDENCE_N_MONDES = 100 || L52:STATE_PATH = '/home/ubuntu/seragone/state/prudence_state.json' || L53:LOG_PATH = '/home/ubuntu/seragone/logs/prudence.log' || L60:def prudence_parle(n_mondes_convergents: int) -> dict: || L62:Prudence parle-t-elle ? || L81:if PRUDENCE_ZONE_MIN <= n_mondes_convergents <= PRUDENCE_ZONE_MAX: || L85:'zone_min': PRUDENCE_ZONE_MIN, || L86:'zone_max': PRUDENCE_ZONE_MAX, || L92:'zone_min': PRUDENCE_ZONE_MIN, || L93:'zone_max': PRUDENCE_ZONE_MAX, || L124:for k in range(PRUDENCE_N_MONDES): || L131:window = vals[-PRUDENCE_FENETRE:] if len(vals) >= PRUDENCE_FENETRE else vals || L132:q = np.quantile(window, PRUDENCE_QUANTILE) || L139:# ÉCRITURE D'ÉTAT (lu par le chef via prudence_state.json) || L141:def ecrire_etat(verdict: dict, path: str = STATE_PATH) -> None: || L142:""""""Écrit l'état de Prudence pour traçabilité et lecture par le chef."""""" || L153:""""""Append une ligne au log de Prudence."""""" || L165:Compte les mondes convergents, appelle prudence_parle, écrit l'état."
tireur_aplomb.py,true,11071,2026-05-12T23:24:17.476559+00:00,8da168d8fc310993b6ada0c448e1f4a325e4e880b831e887be7d33dc7b7769eb,APLOMB,BLOQUER_VERIFIER_WRITE_LEGACY,true,json;logging;pathlib;datetime;importlib.util,load_json;load_first;infer_aplomb_input;decide_local;canonical_permission;save_policy_state_local;append_signal_log_local;main,,get:12;info:11;float:6;round:6;open:5;abs:3;isoformat:3;dump:3;mkdir:2;setFormatter:2;addHandler:2;load_first:2;bool:2;now:2;exists:2;min:2;warning:2;str:2;Path:1;getLogger:1;setLevel:1;Formatter:1;FileHandler:1;StreamHandler:1;strftime:1,aplombdailystate.json;aplombstate.json;m2_bear_state_v2.json;m2bearstate.json;m2bearstatev2.json;mondes_paralleles_state.json;mondesparallelesstate.json;policy_state.json,LEGACY_WRITE_WORDS,LEGACY_WRITE_WORDS:7,"L11:STATES_DIR = BASE_DIR / ""states"" || L14:STATES_DIR.mkdir(parents=True, exist_ok=True) || L16:log = logging.getLogger(""TIREUR_APLOMB"") || L21:_fh = logging.FileHandler(LOGS_DIR / ""tireur_aplomb.log"", encoding=""utf-8"") || L28:APL_STATE_FILE = BASE_DIR / ""aplombstate.json"" || L29:APL_DAILY_STATE_FILE = BASE_DIR / ""aplombdailystate.json"" || L30:POLICY_STATE_FILE = STATES_DIR / ""policy_state.json"" || L32:POLICY_MONITOR_FILE = BASE_DIR / ""policy_monitor.json"" || L38:BASE_DIR / ""mondesparallelesstate.json"", || L39:BASE_DIR / ""mondes_paralleles_state.json"", || L44:BASE_DIR / ""m2bearstatev2.json"", || L45:BASE_DIR / ""m2_bear_state_v2.json"", || L46:BASE_DIR / ""m2bearstate.json"", || L68:log.info(""State chargé : %s"", path.name) || L73:def infer_aplomb_input(): || L118:""bull_state"": bull, || L119:""bear_state"": bear, || L202:def save_policy_state_local(payload: dict, date_str: str, regime_fond: str, geste_natif: str): || L203:state = { || L217:with open(POLICY_STATE_FILE, ""w"", encoding=""utf-8"") as f: || L218:json.dump(state, f, indent=2, ensure_ascii=False) || L242:log.info(""TIREUR APLOMB SERAGONE — démarrage"") || L245:raw = infer_aplomb_input() || L248:save_policy_state_local(decision, date_str, raw[""regime_fond""], raw[""geste_natif""]) || L255:# === R4 BRANCHEMENT ENGINE CANON APLOMB (2026-05-12) ==="
